item_id,question,gold_answer,output_X,output_Y,rater_label_X,rater_label_Y,rater_preference,notes
1,"Which event did I attend first, the 'Effective Time Management' workshop or the 'Data Analysis using Python' webinar?",'Data Analysis using Python' webinar,"Based on the provided conversation excerpts, you attended the 'Data Analysis using Python' webinar two months prior to the date of the conversation, and then mentioned attending the 'Effective Time Management' workshop at the local community center on the same day as part of your recent reflections. Therefore, the 'Data Analysis using Python' webinar was attended first.",Data Analysis using Python webinar,,,,
2,"Which device did I got first, the Samsung Galaxy S22 or the Dell XPS 13?",Samsung Galaxy S22,"Based on the information provided in the conversation excerpts, you got the Samsung Galaxy S22 on February 20th, while the Dell XPS 13 arrived on February 25th. Therefore, you got the Samsung Galaxy S22 first.",Dell XPS 13,,,,
3,How many days before the 'Rack Fest' did I participate in the 'Turbocharged Tuesdays' event?,4 days.,no information available,"The provided conversation excerpts do not contain information about a 'Rack Fest' event or a 'Turbocharged Tuesdays' event, nor do they mention any specific timeline or dates related to these events. Therefore, the question cannot be answered based on the given information.",,,,
4,How many days had passed between the 'Walk for Hunger' event and the 'Coastal Cleanup' event?,14 days. 8 days (including the last day) is also acceptable.,"The provided excerpts do not contain information about a ""Coastal Cleanup"" event or the exact date of the ""Walk for Hunger"" event relative to any other event. Therefore, the number of days that had passed between the ""Walk for Hunger"" event and the ""Coastal Cleanup"" event cannot be determined from the given information.",no information available,,,,
5,"Which item did I purchase first, the dog bed for Max or the training pads for Luna?",Training pads for Luna,"Based on the provided conversation excerpts, it appears that you purchased the eco-friendly training pads for Luna first. The conversation starts with a discussion about the training pads you've already been using for Luna's potty training, mentioning that you bought a set of 10 for $25 about a month ago. There is no mention of purchasing a dog bed for Max prior to the conversation; instead, the bed for Max is referred to as ""the new dog bed,"" suggesting it",training pads for Luna,,,,
6,How long have I been working before I started my current job at NovaTech?,4 years and 9 months,"Based on the provided conversation excerpts, there is no information about how long you worked before starting your current job at NovaTech. The excerpts only mention that you have been working at NovaTech for about 4 years and 3 months and that you graduated with a degree in Computer Science from the University of California, Berkeley, but they do not specify whether you had any other jobs between graduation and joining NovaTech. Therefore, the answer to the question ""How long have I been working",no information available,,,,
7,How many days before I bought the iPhone 13 Pro did I attend the Holiday Market?,7 days. 8 days (including the last day) is also acceptable.,7 days,"Based on the information provided in the conversation excerpts, you attended the annual Holiday Market at the local mall a week before Black Friday. Since you mentioned purchasing the iPhone 13 Pro on Black Friday, we can infer that you attended the Holiday Market exactly one week prior to buying the phone. However, the exact number of days is not specified, but it would typically be around 7 days before Black Friday, assuming Black Friday falls on a specific day each year relative to Thanksgiving.",,,,
8,"Which event happened first, the road trip to the coast or the arrival of the new prime lens?",The arrival of the new prime lens,road trip to the coast,"Based on the conversation excerpts provided, the road trip to the coast happened first. The user mentions taking photos of the cliffs and beaches from a recent road trip and then asks for tips on editing landscape photos. In contrast, the assistant provides advice on portrait photography and mentions the user's new 50mm f/1.8 prime lens, suggesting that the lens was acquired after the road trip. Therefore, the sequence of events is: the road trip to the coast, followed",,,,
9,"Which health issue did I deal with first, the persistent cough or the skin tag removal?",Persistent cough,persistent cough,"Based on the conversation excerpts provided, you visited your primary care physician, Dr. Smith, due to a persistent cough three weeks prior to the conversation, which was on February 10th. The mention of the skin tag removal came later in the conversation without a specific timeline, but it was discussed in the context of recovery and healing. Therefore, the persistent cough was dealt with first before the skin tag removal.",,,,
10,How long had I been using the new area rug when I rearranged my living room furniture?,One week. Answers ranging from 7 days to 10 days are also acceptable.,three weeks after you got it,"Based on the conversation excerpts provided, you mentioned that you got a new area rug for your living room a month ago and then thought about getting some new decorative items since you rearranged the furniture three weeks ago. This means you had been using the new area rug for approximately one week before you rearranged the furniture in your living room.",,,,
11,How many days before my best friend's birthday party did I order her gift?,7 days. 8 days (including the last day) is also acceptable.,"Based on the conversation excerpts provided, you ordered the personalized photo album for your best friend's birthday on the 15th of April, and her birthday party was on the 22nd of April. Therefore, you ordered the gift 7 days before the party.",5 days,,,,
12,How many months before my anniversary did Rachel get engaged?,2,"Based on the information provided in the conversation excerpts, Rachel got engaged on May 15th, and the user's wedding anniversary is coming up on July 22nd. Therefore, Rachel got engaged approximately two months before the user's anniversary.",2 months,,,,
13,"Who did I meet first, the woman selling jam at the farmer's market or the tourist from Australia?",the woman selling jam at the farmer's market,"Based on the conversation excerpts provided, you met the tourist from Australia first. According to the conversation dated 2023/05/28 (Sun) 00:22, you mentioned meeting an Australian tourist on the subway last Thursday. Later in the conversation, dated 2023/05/28 (Sun) 07:15, you referred to having spoken with a jam maker at the farmer's market two weeks",tourist from Australia,,,,
14,"Which project did I start first, the Ferrari model or the Japanese Zero fighter plane model?",Japanese Zero fighter plane model,Japanese Zero fighter plane model,"Based on the conversation excerpts provided, you mentioned that you started working on the Japanese Zero fighter plane model about a month ago, while the Ferrari 288 GTO model was the primary focus of the discussion at the time. Therefore, it appears that you began the Japanese Zero fighter plane model first.",,,,
15,"Who became a parent first, Rachel or Alex?",Alex,"Based on the conversation excerpts provided, Rachel became a parent first with the twins, Jackson and Julia, while Alex adopted a baby girl from China in January. Therefore, Rachel is the earlier parent mentioned in the context of becoming a parent between the two.",Rachel,,,,
16,When did I book the Airbnb in Sacramento?,The information provided is not enough. You only mentioned booking Airbnb in San Francisco.,There is no mention of booking an Airbnb in Sacramento in the given conversation. The user mentioned booking an Airbnb in Haight-Ashbury for a previous stay related to their best friend's wedding and having to book three months in advance.,"Based on the provided conversation excerpts, there is no mention of booking an Airbnb in Sacramento. The conversation revolves around recommending neighborhoods in San Francisco and discussing transportation from the airport to an Airbnb in Haight-Ashbury. Therefore, the question about booking an Airbnb in Sacramento cannot be answered from the given information.",,,,
17,"Which project did I start first, the Ferrari model or the Porsche 991 Turbo S model?",The information provided is not enough. You did not mention starting the Porsche 991 Turbo S model.,"Based on the provided conversation excerpts, you started the Ferrari 288 GTO model first. Specifically, you mentioned starting the build about three weeks prior on a rainy Sunday afternoon, spending around 5 hours assembling the basic chassis and engine block. There was no mention of a Porsche 991 Turbo S model in the excerpts provided. Therefore, we can conclude that the Ferrari project was the one you began first.",Ferrari model,,,,
18,How many days did I spend on camping trips in the United States this year?,8 days.,8 days,"Based on the conversation excerpts provided, you spent a total of 8 days on camping trips in the United States this year. Specifically, you mentioned a 3-day solo camping trip to Big Sur and a 5-day camping trip to Yellowstone National Park.",,,,
19,"How many pieces of furniture did I buy, assemble, sell, or fix in the past few months?",4,"Based on the conversation excerpts provided, you fixed a wobbly leg on your kitchen table and assembled an IKEA bookshelf for your home office. There is no mention of buying, assembling, selling, or fixing any other furniture. Therefore, you addressed two pieces of furniture in the past few months.","The user fixed a wobbly leg on their kitchen table and assembled an IKEA bookshelf. Therefore, the user dealt with two pieces of furniture.",,,,
20,How many different cuisines have I learned to cook or tried out in the past few months?,4,"Based on the conversation excerpts provided, you have learned to cook or tried out dishes from at least three different cuisines in the past few months:

1. **Korean Cuisine**: You mentioned trying a recipe for Korean bibimbap from a cooking class's online recipe library.
2. **Ethiopian Cuisine**: You expressed interest in making injera bread from scratch, which is a staple in Ethiopian cuisine, and you visited a new Ethiopian restaurant in town.
3. **Indian",At least two: Korean and Indian.,,,,
21,How many properties did I view before making an offer on the townhouse in the Brookside neighborhood?,"I viewed four properties before making an offer on the townhouse in the Brookside neighborhood. The reasons I didn't make an offer on them were: the kitchen of the bungalow needed serious renovation, the property in Cedar Creek was out of my budget, the noise from the highway was a deal-breaker for the 1-bedroom condo, and my offer on the 2-bedroom condo was rejected due to a higher bid.","The conversation excerpts do not provide information about how many properties were viewed before making an offer on the townhouse in the Brookside neighborhood. The user only mentioned seeing and putting in an offer on the 3-bedroom townhouse in Brookside. There is no mention of viewing other properties prior to this one. Therefore, based on the given information, it's not possible to determine the number of properties viewed before the offer was made on the townhouse in question.",no information available,,,,
22,How many different types of food delivery services have I used recently?,3,"Based on the conversation excerpts provided, you have mentioned using two different food delivery services recently:

1. Fresh Fusion - a service you found that offers pre-made meals.
2. Domino's Pizza - a well-known pizza delivery service.

Therefore, according to the information given, you have used at least two different types of food delivery services recently.",1,,,,
23,How much money did I raise for charity in total?,"$3,750","$3,000","Based on the information provided in the conversation excerpts, you mentioned raising $1,000 for the local children's hospital at a charity bake sale and $2,000 for a local animal shelter. Therefore, the total amount of money you raised for charity is $3,000.",,,,
24,"How many days did I spend attending workshops, lectures, and conferences in April?",3 days,"Based on the provided conversation excerpts, you spent two days attending a workshop on standardization and normalization, which took place on the 17th and 18th of April. There is no mention of any other workshops, lectures, or conferences attended in April. Therefore, you spent a total of 2 days attending such events in April.",4 days,,,,
25,How many online courses have I completed in total?,5,"Based on the conversation excerpts provided, the user has completed at least two online courses on edX and some courses on Coursera. However, the exact total number of courses completed across all platforms is not explicitly stated. Therefore, we can only confirm that the user has completed at least two courses on edX and some unspecified number of courses on Coursera. The answer to ""How many online courses have I completed in total?"" cannot be definitively determined from the given information",You have completed two courses on Coursera and two on edX.,,,,
26,How many music albums or EPs have I purchased or downloaded?,3,"Based on the conversation excerpts provided, you have downloaded one album, ""Happier Than Ever"" by Billie Eilish, on Spotify. There is no mention of purchasing or downloading any other music albums or EPs.","one album ""Happier Than Ever""",,,,
27,"How many total pieces of writing have I completed since I started writing again three weeks ago, including short stories, poems, and pieces for the writing challenge?",23,five short stories,"Based on the conversation excerpts provided, you have mentioned completing at least six pieces of writing since starting again three weeks ago:

1. Five short stories (as stated in the excerpt dated 2023/05/25).
2. A piece titled ""The Smell of Old Books"" in response to the ""Forgotten Memories"" prompt for the writing challenge (mentioned in the excerpt dated 2023/05/22).

Therefore, you",,,,
28,How many hours have I spent on my abstract ocean sculpture?,10-12 hours,"You have spent around 10-12 hours on your abstract ocean sculpture. This information is mentioned in multiple excerpts, indicating that you've dedicated a considerable amount of time to this project.",10-12 hours,,,,
29,How many titles are currently on my to-watch list?,25,25,"Based on the conversation excerpts provided, there are two instances where the number of titles on the user's to-watch list is mentioned. Initially, on May 22nd, the user mentions having 20 titles on their to-watch list. Later, on May 28th, when discussing organizing the list, the user states they have 25 titles on their to-watch list. Given the context, it seems the list has grown from 20 to 2",,,,
30,How many stars do I need to reach the gold level on my Starbucks Rewards app?,120,"Based on the conversation excerpts provided, initially there was confusion regarding the number of stars needed to reach the gold level. However, the user later clarified that they need 120 stars to reach the gold level, contradicting the assistant's information which stated 300 stars. Given this clarification from the user, the correct answer according to the conversation is 120 stars. However, it's important to note that the user's statement might be outdated or specific to",300 stars within a 12-month period.,,,,
31,How long have I been using my Fitbit Charge 3?,9 months,9 months,"You have been using your Fitbit Charge 3 for 9 months, as mentioned in the conversation on September 2nd, 2023.",,,,
32,How many MCU films did I watch in the last 3 months?,5,5,"In the last 3 months, you watched 5 MCU films. This is stated directly in the conversation where you mention, ""I've watched 12 films in the last 3 months, including 5 MCU films.""",,,,
33,How many episodes of the Science series have I completed on Crash Course?,50,you've completed 50 episodes of the Science series!,You have completed 50 episodes of the Science series on Crash Course. This is evident from the assistant's response where they congratulate you on completing 50 episodes and mention it's a significant achievement.,,,,
34,How many times have I tried making a Negroni at home since my friend Emma showed me how to make it?,10,"You have tried making a Negroni at home 10 times since your friend Emma showed you how to make it. This information is clearly stated in multiple parts of the conversation, specifically mentioning ""I've tried making it at home 10 times now since my friend Emma showed me how to make it.""",I've tried making it at home 10 times now since my friend Emma showed me how to make it.,,,,
35,What time do I usually go to the gym?,6:00 pm,"Based on the conversation excerpts provided, you usually go to the gym at 7:00 pm on Mondays, Wednesdays, and Fridays. This detail was mentioned when discussing how to set reminders for your gym sessions using Todoist.","7:00 pm on Mondays, Wednesdays, and Fridays",,,,
36,How many autographed baseballs have I added to my collection in the first three months of collection?,15,"In the first three months of collection, you added 15 autographed baseballs to your collection. This is mentioned in the first excerpt where you state, ""that's 15 autographed baseballs since I started collecting three months ago!""",15,,,,
37,How many pre-1920 American coins do I have in my collection?,38,You have a total of 37 pre-1920 American coins in your collection. This information was mentioned when you initially discussed organizing your coins by denomination and mint mark.,37 coins,,,,
38,How many projects have I completed since starting painting classes?,5,4 projects,"You have completed 5 projects since starting painting classes. This is evident from the excerpt dated 2023/10/09 where you mention, ""I just finished my 5th project since starting painting classes, and I'm feeling pretty accomplished!""",,,,
39,How many women are on the team led by my former manager Rachel?,6,"There are 6 women on the team led by your former manager Rachel. This can be inferred from the statement ""it's interesting to think about this in the context of my own experiences - for instance, my former manager Rachel's team is a great example of a diverse team, with 6 women out of 10 people.""",6 women out of 10 people.,,,,
40,How often do I see Dr. Johnson?,The information provided is not enough. You mentioned seeing Dr. Smith but not Dr. Johnson.,You see Dr. Smith every week.,"The conversation excerpts do not mention seeing Dr. Johnson. The only doctor mentioned is Dr. Smith, who the user sees weekly for help with prioritization and boundary-setting. Therefore, based on the provided information, there is no indication of seeing Dr. Johnson at all.",,,,
41,How long have I been living in my current apartment in Shinjuku?,The information provided is not enough. You mentioned living in Harajuku but not Shinjuku.,no information available,"The question cannot be answered based on the provided conversation excerpts. There is no mention of living in Shinjuku or any duration of residence in Shinjuku. The conversation mentions living in Harajuku for 3 months, but does not provide information about living in Shinjuku.",,,,
42,I was thinking about rearranging the furniture in my bedroom this weekend. Any tips?,"The user would prefer responses that take into account their existing plans to replace the bedroom dresser and their interest in mid-century modern style, suggesting furniture layouts that accommodate the new dresser and incorporate elements of this design aesthetic. They might not prefer general furniture arrangement tips or suggestions that do not consider their specific design preferences.",Ensure your mid-century modern dresser has a lower profile to create a sense of calm and spaciousness.,"While the conversation excerpts provided focus on mid-century modern design elements and wood finishes for a dresser, there isn't specific information about rearranging furniture in a bedroom. However, based on general principles of interior design, here are some tips for rearranging furniture in your bedroom:

1. **Define the Flow:** Ensure that there is enough space between pieces of furniture so that you can move around comfortably without bumping into things. Think about how you enter the room and where you go from",,,,
43,I am planning another theme park weekend; do you have any suggestions?,"The user would prefer theme park suggestions that cater to their interest in both thrill rides and special events, utilizing their previous experiences at Disneyland, Knott's Berry Farm, Six Flags Magic Mountain, and Universal Studios Hollywood as a reference point. They would also appreciate recommendations that highlight unique food experiences and nighttime shows. The user might not prefer suggestions that focus solely on one aspect of theme parks, such as only thrill rides or only family-friendly attractions, and may not be interested in parks that lack special events or unique dining options.","Based on the information provided, here are some suggestions for your next theme park weekend:

1. **Disneyland**:
   - **Halloween Time**: Plan your visit between mid-September and early November to experience the Halloween-themed parade, 'Oogie Boogie Bash', and themed food offerings.
   - **Holiday Season**: Alternatively, visit from early November onwards to enjoy the holiday festivities, including themed food and decorations.

2. **Knott's Berry Farm**:",Halloween Horror Nights at Universal Studios Hollywood offers a Behind-the-Scenes Tour.,,,,
44,I remember you told me about the refining processes at CITGO's three refineries earlier. Can you remind me what kind of processes are used at the Lake Charles Refinery?,"Atmospheric distillation, fluid catalytic cracking (FCC), alkylation, and hydrotreating.","Certainly! At the Lake Charles Refinery, the following refining processes are used:

1. Atmospheric distillation: This is the first step in the refining process, where crude oil is heated and separated into different fractions based on their boiling points.
2. Fluid catalytic cracking (FCC): This process breaks down heavier fractions of crude oil into lighter, more valuable products such as gasoline and diesel fuel.
3. Alkylation: This process combines smaller molecules to form larger ones,","Atmospheric distillation, Fluid catalytic cracking, Alkylation, Hydrotreating.",,,,
45,I'm going back to our previous conversation about DIY home decor projects using recycled materials. Can you remind me what sealant you recommended for the newspaper flower vase?,Mod Podge or another sealant,"Based on the conversation excerpts provided, the sealant recommended for the newspaper flower vase is Mod Podge or another sealant. The assistant mentioned sealing the vase with Mod Podge or another sealant to make it water-resistant.",Mod Podge or another sealant,,,,
46,I was going through our previous chat and I wanted to clarify something about the prayer of beginners in Tanqueray's Spiritual Life treatise. Can you remind me which chapter of the second part discusses vocal prayer and meditation?,"Chapter 4 of Book 1, titled 'Vocal Prayer and Meditation'.","Certainly! The chapter in the second part of Adolphe Tanqueray's Spiritual Life treatise that discusses vocal prayer and meditation for beginners is Chapter 4 of Book 1. This chapter, titled ""Vocal Prayer and Meditation,"" provides guidance for beginners on how to approach these forms of prayer and emphasizes their importance in the spiritual life.",Chapter 4 of Book 1 discusses vocal prayer and meditation.,,,,
47,I'm looking back at our previous conversation about building a cocktail bar. You recommended five bottles to make the widest variety of gin-based cocktails. Can you remind me what the fifth bottle was?,Absinthe,"The fifth bottle recommended for making the widest variety of gin-based cocktails was Absinthe. It is described as a strong and herbal liqueur that adds a complex and anise-flavored element to drinks, useful in classic cocktails like the Sazerac and Corpse Reviver #2.",Absinthe: Absinthe is a strong and herbal liqueur.,,,,
48,"I wanted to follow up on our previous conversation about mindfulness techniques. You mentioned some great resources for guided imagery exercises, can you remind me of the website that had free exercises like 'The Mountain Meditation' and 'The Body Scan Meditation'?",Mindful.org.,Mindful.org,"Certainly! The website that offers free guided imagery exercises such as ""The Mountain Meditation"" and ""The Body Scan Meditation"" is Mindful.org.",,,,
49,"I was going through our previous conversation about making a classic French omelette, and I wanted to confirm - how many eggs did you say we need for the recipe?",2-3 eggs,The recipe mentioned that you need 2-3 eggs for the classic French omelette.,2-3 eggs,,,,
50,I wanted to follow up on our previous conversation about YouTube videos for workplace posture. Can you remind me of the Mayo Clinic video you recommended?,The video is 'How to Sit Properly at a Desk to Avoid Back Pain' and the link is https://www.youtube.com/watch?v=UfOvNlX9Hh0.,"Certainly! In our previous conversation, the Mayo Clinic video recommended for proper workplace posture was titled ""How to Sit Properly at a Desk to Avoid Back Pain"". The video's link is <https://www.youtube.com/watch?v=UfOvNlX9Hh0>. This video offers guidance on how to sit correctly at a desk to prevent back pain, which can be very beneficial for promoting a healthy work environment.","""How to Sit Properly at a Desk to Avoid Back Pain"" by the Mayo Clinic",,,,
51,I was looking back at our previous conversation about buying unique engagement rings directly from designers. Can you remind me of the Instagram handle of the UK-based designer who works with unusual gemstones?,@jessica_poole_jewellery,@jessica_poole_jewellery,"The UK-based designer who works with unusual gemstones has the Instagram handle @jessica_poole_jewellery. This designer, Jessica Poole, is known for creating stunning, unique engagement rings that combine traditional and contemporary techniques.",,,,
52,"I was going through our previous conversation about high-end fashion brands, and I was wondering if you could remind me of the brand that uses wild rubber sourced from the Amazon rainforest?",Veja,The brand that uses wild rubber sourced from the Amazon rainforest is Veja. This information was mentioned in the list of high-end fashion brands known for their commitment to sustainability.,Veja uses wild rubber sourced from the Amazon rainforest.,,,,
53,Where did I buy my new tennis racket from?,the sports store downtown,a sports store downtown,You bought your new tennis racket from a sports store downtown.,,,,
54,Where did I attend for my study abroad program?,University of Melbourne in Australia,University of Melbourne,You attended the University of Melbourne for your study abroad program.,,,,
55,How long did it take me to assemble the IKEA bookshelf?,4 hours,It took you 4 hours to assemble the IKEA bookshelf recently.,4 hours,,,,
56,What brand are my favorite running shoes?,Nike,"Your favorite running shoes are Nike, as stated in your message: ""Nike has been my favourite brand so far for running shoes.""",Nike,,,,
57,What breed is my dog?,Golden Retriever,"The conversation does not specify the breed of the dog. The dialogue focuses on finding a dog walker, discussing interactive toys for a dog named Max, and considering flea and tick prevention medication. No mention is made of the specific breed of the dog.",The excerpt does not specify the breed of the dog.,,,,
58,How much is the painting of a sunset worth in terms of the amount I paid for it?,The painting is worth triple what I paid for it.,"Based on the conversation excerpts provided, the user did not mention a specific painting of a sunset or its monetary value relative to the cost they paid for it. However, the user did mention realizing that their flea market find is worth triple what they paid for it. Therefore, if we assume the question is referring to this flea market find, then the item is worth triple the amount the user paid for it. If the question is specifically about a painting of a sunset, there isn't",It's worth triple what you paid for it.,,,,
59,How long did it take to move to the new apartment?,5 hours,It took around 5 hours to move everything into the new apartment. The user mentioned this duration when discussing the effort with their friends to relocate.,It took you and your friends around 5 hours to move everything.,,,,
60,What type of rice is my favorite?,Japanese short-grain rice,"Based on the conversation, your favorite type of rice is Japanese short-grain rice. This is evident from your initial statement where you mentioned wanting to make Japanese-style dishes with your favorite Japanese short-grain rice.",Japanese short-grain rice,,,,
61,How many copies of my favorite artist's debut album were released worldwide?,500,only 500 copies worldwide,"The signed poster from your favorite artist's debut album is a limited edition of only 500 copies worldwide. This detail was mentioned in the conversation, indicating the rarity and uniqueness of the item.",,,,
62,Where did I go on a week-long trip with my family?,Hawaii,"You went on a week-long trip with your family to Hawaii, specifically mentioning the Big Island.",Hawaii,,,,
63,What did I bake for my niece's birthday party?,a lemon blueberry cake,You baked a lemon blueberry cake for your niece's birthday party. The combination of tangy lemon and sweet blueberries was a hit at the party.,lemon blueberry cake,,,,
64,How long did I wait for the decision on my asylum application?,over a year,Over a year,"Based on the conversation excerpts provided, you mentioned that it took over a year for your asylum application to get approved. Specifically, you stated, ""it's crazy how long it took for my asylum application to get approved. Over a year of uncertainty was really tough."" Therefore, the duration of the wait for your asylum application was more than one year.",,,,
65,What type of bulb did I replace in my bedside lamp?,Philips LED bulb,You replaced the bulb in your bedside lamp with a Philips LED bulb that provides a warm tone. This information is directly stated in one of the conversation excerpts provided.,Philips LED bulb,,,,
66,Where does my sister Emily live?,Denver,"Based on the conversation excerpts provided, your sister Emily lives in Denver.",Denver,,,,
67,What brand of shampoo do I currently use?,Trader Joe's,"Based on the conversation, you mentioned using a lavender-scented shampoo that you picked up at Trader Joe's. No specific brand name was provided, only that it was purchased there. Therefore, the answer to ""What brand of shampoo do I currently use?"" is not specified in the given excerpts.",lavender scented shampoo from Trader Joe's,,,,
68,What health issue did I initially think was just a cold?,bronchitis,"The health issue you initially thought was just a cold turned out to be bronchitis. You mentioned having ""a bad case of bronchitis that I initially thought was just a cold.""",bronchitis,,,,
69,What game did I finally beat last weekend?,Dark Souls 3 DLC,Dark Souls 3 DLC,You finally beat the last boss in the Dark Souls 3 DLC last weekend.,,,,
70,What did I bake for my uncle's birthday party?,You did not mention this information. You mentioned baking for your niece's birthday party but not your uncle's,You baked a lemon blueberry cake for your niece's birthday party.,"It seems there might be a misunderstanding in the question. Based on the conversation excerpts provided, you baked a lemon blueberry cake for your niece's birthday party, not your uncle's. There is no mention of baking anything for an uncle.",,,,
71,"Which three events happened in the order from first to last: the day I helped my friend prepare the nursery, the day I helped my cousin pick out stuff for her baby shower, and the day I ordered a customized phone case for my friend's birthday?","First, I helped my friend prepare the nursery, then I helped my cousin pick out stuff for her baby shower, and lastly, I ordered a customized phone case for my friend's birthday.","Based on the provided conversation excerpts, the three events occurred in the following order:

1. The day you helped your cousin pick out stuff for her baby shower (mentioned as having happened recently before February 10th, 2023).
2. The day you helped your friend prepare the nursery (mentioned as happening on February 5th, 2023).
3. The day you ordered a customized phone case for your friend's birthday (mentioned as happening","2023/02/05, 2023/02/10, 2023/02/20",,,,
72,How many days passed between the day I started playing along to my favorite songs on my old keyboard and the day I discovered a bluegrass band?,6 days. 7 days (including the last day) is also acceptable.,"Based on the conversation excerpts provided, you started playing along to your favorite songs on your old keyboard on March 25th, and you discovered a bluegrass band on March 31st. Therefore, 6 days passed between these two events.",6 days,,,,
73,How many weeks passed between the day I bought my new tennis racket and the day I received it?,1 week,1 week,"Based on the provided conversation excerpts, you bought your new tennis racket on March 10th and received it on March 17th. Therefore, only one week passed between the day you bought your new tennis racket and the day you received it.",,,,
74,How many days passed between the day I attended the gardening workshop and the day I planted the tomato saplings?,6 days. 7 days (including the last day) is also acceptable.,6 days,"Based on the provided conversation excerpts, you attended a gardening workshop on April 15 (Saturday) and planted the tomato saplings on April 21 (Friday). 

To calculate the number of days between these two dates:
- From April 15 to April 21 is exactly 6 days.

Therefore, 6 days passed between attending the gardening workshop and planting the tomato saplings.",,,,
75,How many days passed between the day I received feedback about my car's suspension and the day I tested my new suspension setup?,38 days. 39 days (including the last day) is also acceptable.,36 days,"The feedback about your car's suspension was given on March 17th, and you were preparing to test your new suspension setup on April 23rd. To calculate the number of days between these two dates:

1. From March 17th to March 31st: 14 days
2. For the month of April up to the 23rd: 23 days

Adding these together gives us 14 + 23",,,,
76,How many weeks have I been taking sculpting classes when I invested in my own set of sculpting tools?,3,6 weeks,"Based on the conversation excerpts provided, you mentioned that you had been taking sculpting classes at a local art studio for about 6 weeks before discussing your interest in eco-friendly materials and techniques. Therefore, when you invested in your own set of sculpting tools, you had been taking sculpting classes for approximately 6 weeks.",,,,
77,How many days ago did I participate in the 5K charity run?,7 days ago. 8 days (including the last day) is also acceptable.,"Based on the conversation excerpt provided, you participated in the 5K charity run on the same day as the conversation, which is March 19, 2023. Therefore, if the current date is still March 19, 2023, then you participated in the 5K charity run 0 days ago. However, if this question is being answered on a different date, we need that specific date to calculate the number of days since",0 days,,,,
78,"Which event happened first, my participation in the #PlankChallenge or my post about vegan chili recipe?",You posted a recipe for vegan chili on Instagram using the hashtag #FoodieAdventures first.,"Based on the provided conversation excerpts, your post about the vegan chili recipe happened first. The chili recipe post is mentioned on March 10th, while your participation in the #PlankChallenge and subsequent request for workout routines is discussed later on March 15th.",2023/03/10 (Fri) 04:15,,,,
79,Which book did I finish a week ago?,'The Nightingale' by Kristin Hannah,"The question cannot be answered based on the provided conversation excerpt since there is no mention of finishing a book a week ago. The user only mentions having just finished ""The Nightingale"" by Kristin Hannah.","Based on the provided conversation excerpts, there is no mention of a book that was finished a week ago. The user mentions having just finished ""The Nightingale"" by Kristin Hannah and is seeking recommendations for similar reads. Therefore, the answer to the question ""Which book did I finish a week ago?"" is not supported by the given information.",,,,
80,I received a piece of jewelry last Saturday from whom?,my aunt,"Based on the provided conversation excerpts, there is no mention of receiving a piece of jewelry from anyone on last Saturday. The conversation revolves around advice on cleaning and maintaining antique furniture and a crystal chandelier, and discussing ways to research the history of a vintage armchair. Therefore, the question cannot be answered based on the given information.",no information available,,,,
81,What charity event did I participate in a month ago?,the 'Walk for Hunger' charity event,"Based on the provided conversation excerpts, there is no direct mention of a specific charity event that the user participated in exactly one month prior to March 19th, 2023. The closest reference is to the ""Walk for Hunger"" event mentioned on March 19th, but there is no indication of an event from February 19th, 2023. Therefore, the answer is not supported by the given excerpts.","""Walk for Hunger""",,,,
82,Who did I go with to the music event last Saturday?,my parents,no information available,"The provided conversation excerpts do not contain any information about who you went with to the music event last Saturday. The discussion revolves around tips for attending music events, finding local music events, and recommendations for jazz venues, but does not mention any specific event from last Saturday or who attended it with you. Therefore, based on the given information, the answer cannot be determined.",,,,
83,What gardening-related activity did I do two weeks ago?,planting 12 new tomato saplings,"Two weeks ago, you attended a gardening workshop in your neighborhood where you learned about companion planting and crop rotation, which has been helpful in planning your garden layout. This event took place around April 15th, based on the date provided in the conversation excerpt.",attended a gardening workshop,,,,
84,Where did I attend the religious activity last week?,the Episcopal Church,"Based on the conversation, you attended the Maundy Thursday service at the Episcopal Church last week.",Episcopal Church,,,,
85,How many pages do I have left to read in 'The Nightingale'?,190,"Based on the provided excerpts, there is no specific mention of the total number of pages in ""The Nightingale"" or how many pages are left to read in the book. The user mentioned being on page 250 but did not provide the total page count of the book. Therefore, the exact number of pages left to read in ""The Nightingale"" cannot be determined from the given information.",370 pages,,,,
86,What is the total number of episodes I've listened to from 'How I Built This' and 'My Favorite Murder'?,27,"You've finished around 15 episodes so far from ""How I Built This"". No information was provided about episodes listened to from ""My Favorite Murder"".","Based on the provided conversation excerpts, there is no explicit mention of the total number of episodes you've listened to from 'How I Built This' and 'My Favorite Murder'. The user only mentions having listened to around 15 episodes of 'How I Built This', but does not provide information regarding the number of episodes from 'My Favorite Murder'. Therefore, the answer cannot be determined from the given information.",,,,
87,How much older am I than the average age of employees in my department?,2.5 years,"The user mentioned they are currently 32 years old and provided the average age of employees in their department as 29.5 years old. Therefore, you are 2.5 years older than the average age of employees in your department.",2.5 years older,,,,
88,How much more did I have to pay for the trip after the initial quote?,$300,"The user mentioned that the corrected price for the entire trip was $2,800, while the initial quote from Sakura Travel Agency was $2,500. Therefore, the difference between the initial quote and the corrected price is $300 ($2,800 - $2,500). This means the user had to pay an additional $300 for the trip after the initial quote.",300,,,,
89,What is the total number of lunch meals I got from the chicken fajitas and lentil soup?,8 meals,"The user mentioned getting three meals from their chicken fajitas. There was no mention of the number of meals from lentil soup. Therefore, based on the information provided, the total number of lunch meals from the chicken fajitas is 3.","Based on the conversation excerpts provided, there is only one mention of a meal count related to chicken fajitas. The user mentioned getting ""the third meal"" from their chicken fajitas. There is no information given about the number of meals derived from lentil soup. Therefore, the total number of lunch meals you got from the chicken fajitas is 3, and there is insufficient information to determine the number of meals from lentil soup.",,,,
90,How much more was the pre-approval amount than the final sale price of the house?,"$25,000","The pre-approval amount was $350,000, while the final sale price of the house was $325,000. Therefore, the pre-approval amount was $25,000 more than the final sale price.","25,000",,,,
91,What is the total cost of the car cover and detailing spray I purchased?,$140,"The total cost of the items you purchased cannot be definitively calculated based on the provided conversation excerpts. The waterproof car cover is mentioned to have cost $120, but there is no mention of the exact cost of the detailing spray. Therefore, we only have information about the car cover's price, and the detailing spray's cost remains unknown.",$120 for the car cover. No specific cost mentioned for the detailing spray.,,,,
92,How much did I spend on gifts for my sister?,$300,$200,You spent around $200 on a silver necklace with a small pendant from Tiffany's for your sister.,,,,
93,What time did I reach the clinic on Monday?,9:00 AM,"The exact time you reached the clinic on Monday is not specified in the conversation. However, since you left home at 7 AM and mentioned still trying to get your rhythm back, implying a lengthy process, we can infer it took over an hour given the travel times provided for clinics (45 minutes, 30 minutes, and 50 minutes). Without more specific information, we cannot determine the precise arrival time.","The conversation does not provide specific information about the exact time you reached the clinic on Monday. It only mentions that you left home at 7 AM, which means the time you reached the clinic would depend on the distance between your home and the clinic, traffic conditions, and other factors. Without additional details, we cannot determine the exact arrival time.",,,,
94,What is the total number of views on my most popular videos on YouTube and TikTok?,"1,998","The YouTube tutorial has 542 views, and the TikTok video has 1,456 views.","Based on the information provided in the conversation excerpts, the total number of views on your most popular videos on YouTube and TikTok can be calculated as follows:

- Your YouTube tutorial on social media analytics has received 542 views.
- Your TikTok video of Luna chasing a laser pointer has garnered 1,456 views.

Adding these numbers together gives us a total of 542 + 1,456 = 1,998 views",,,,
95,How many years older am I than when I graduated from college?,7,"The conversation excerpts provided do not contain any specific information regarding the age of the individual or the number of years since they graduated from college. Therefore, the answer to the question ""How many years older am I than when I graduated from college?"" cannot be determined based on the given information.","The given excerpt does not contain any information about the age difference between when the user graduated from college and their current age. Therefore, no answer can be extracted based on the provided instructions and excerpt.",,,,
96,How many days a week do I attend fitness classes?,4 days.,3,"Based on the conversation excerpts provided, you attend fitness classes three days a week:

- Zumba classes on Tuesdays and Thursdays at 6:30 pm,
- A weightlifting class on Saturdays at 10 am.",,,,
97,How much have I made from selling eggs this month?,$120,"The provided conversation excerpts do not contain any information about the revenue generated from selling eggs this month. Therefore, the answer to ""How much have I made from selling eggs this month?"" cannot be determined from the given information.","The user did not provide specific information on how much they made from selling eggs this month. Therefore, based on the given excerpt, there is no direct answer to the question ""How much have I made from selling eggs this month?"" within 1-10 words using exact words from the conversation.",,,,
98,How much earlier do I wake up on Fridays compared to other weekdays?,30 minutes,"On Fridays, you wake up at 6:00 AM.","Based on the provided conversation excerpts, there is no explicit mention of waking up at different times on Fridays compared to other weekdays. The user mentions liking to get a head start on Fridays by waking up at 6:00 AM, but this information is given in the context of a Monday conversation, and no specific adjustment to the weekday routine (which starts at 6:30 AM) is mentioned for Fridays beyond the initial comment about waking up early on Fridays. Therefore,",,,,
99,How many pages do I have left to read in 'Sapiens'?,The information provided is not enough. You did not mention how many paged do you have left to read in 'Sapiens'.,"The provided conversation excerpts do not contain specific information about the number of pages left in the book ""Sapiens."" The user mentions enjoying ""Sapiens"" but finds it slow-going and asks for non-fiction book recommendations. There is no mention of the exact number of pages remaining in ""Sapiens"" or the total page count of the book. Therefore, the answer to how many pages are left to read in ""Sapiens"" cannot be determined from the given information","The excerpt does not provide the exact number of pages left in ""Sapiens"". It only mentions the user is finding it slow going and provides an alternative reading suggestion. No specific page count for ""Sapiens"" is given.",,,,
100,What is the total cost of my recently purchased headphones and the iPad?,"The information provided is not enough. You mentioned purchasing a headphone, but you did not mention the iPad.","The total cost of your recently purchased headphones cannot be determined from the provided information regarding an iPad purchase, as there is no mention of buying an iPad in the conversation excerpts. The only device mentioned with a specific cost is the Sony WH-1000XM4 headphones, which you stated cost $378. Since there is no information about purchasing an iPad, we cannot calculate a total cost including an iPad.",no information available,,,,
